{
    "model": "tft_improved",
    "timestamp": "20251204_012907",
    "mse": 3.1631036108592525e-05,
    "rmse": 0.0056241475895101225,
    "r2": 0.6303224563598633,
    "direction_accuracy": 84.9624060150376,
    "interval_accuracy": 71.05263157894737,
    "prediction_std": 0.006519577465951443,
    "actual_std": 0.009250073693692684
}