{
    "model": "tft_improved",
    "timestamp": "20251204_163249",
    "mse": 1.326919300481677e-05,
    "rmse": 0.0036426903525851287,
    "r2": 0.8449206352233887,
    "direction_accuracy": 93.60902255639097,
    "interval_accuracy": 34.58646616541353,
    "prediction_std": 0.006584346294403076,
    "actual_std": 0.009250073693692684
}